,route,avg_predicted_ridership
92,RED,4315.781217002529
29,51,4095.593987578813
44,61C,3926.2111871350958
42,61A,3558.782614507782
78,P1,3477.103887331454
53,71B,3392.6388352066065
43,61B,3166.6852274090675
54,71C,2795.55522161565
62,82,2689.133251099263
45,61D,2484.1971627760818
